reward,channels/0,channels/1,channels/2,difficulty,duration,offer_type,id,channels/3
10,email,mobile,social,10,7,bogo,ae264e3637204a6fb9bb56bc8210ddfd,
10,web,email,mobile,10,5,bogo,4d5c57ea9a6940dd891ad53e9dbe8da0,social
0,web,email,mobile,0,4,informational,3f207df678b143eea3cee63160fa8bed,
5,web,email,mobile,5,7,bogo,9b98b8c7a33c4b65b9aebfe6a799e6d9,
5,web,email,,20,10,discount,0b1e1539f2cc45b7b9fa7c272da2e1d7,
3,web,email,mobile,7,7,discount,2298d6c36e964ae4a3e7e9706d1fb8c2,social
2,web,email,mobile,10,10,discount,fafdcd668e3743c1bb461111dcafc2a4,social
0,email,mobile,social,0,3,informational,5a8bc65990b245e5a138643cd4eb9837,
5,web,email,mobile,5,5,bogo,f19421c1d4aa40978ebb69ca19b0e20d,social
2,web,email,mobile,10,7,discount,2906b810c7d4411798c6938adc9daaa5,
